Season,DivAbbrev,Team,W,L,T,PCT,GB,Streak,Div,Wks,PF,Back,PA
2023,MI,CC,0,0,0,0.000,,-,0-0-0,0,0.0,,0.0
2023,MI,MAM,0,0,0,0.000,,-,0-0-0,0,0.0,,0.0
2023,MI,ELP,0,0,0,0.000,,-,0-0-0,0,0.0,,0.0
2023,CH+,GF,0,0,0,0.000,,-,0-0-0,0,0.0,,0.0
2023,CH+,NN,0,0,0,0.000,,-,0-0-0,0,0.0,,0.0
2023,CH+,WLW,0,0,0,0.000,,-,0-0-0,0,0.0,,0.0
2023,GOB,AFL,0,0,0,0.000,,-,0-0-0,0,0.0,,0.0
2023,GOB,FRR,0,0,0,0.000,,-,0-0-0,0,0.0,,0.0
2023,GOB,VD,0,0,0,0.000,,-,0-0-0,0,0.0,,0.0
2023,OT,CRB,0,0,0,0.000,,-,0-0-0,0,0.0,,0.0
2023,OT,MCM,0,0,0,0.000,,-,0-0-0,0,0.0,,0.0
2023,OT,MWM,0,0,0,0.000,,-,0-0-0,0,0.0,,0.0
